{"cem/plan_0/loss": 1.049269676208496, "cem/step": 1, "global_step": 21, "plan_count": 5, "_timestamp": 1771758248.2225544, "_runtime": 365.7571635246277, "_step": 28, "plan/plan_time_s": 74.93557715415955, "plan/n_actions": 1, "plan/plan_count": 4, "plan/final_loss": 1.0262584686279297, "plan/initial_loss": 1.061059832572937, "plan/loss_reduction_pct": 3.2798681918453587, "step/step": 4, "step/episode": 0, "step/ist_soll_dist": 0.22304855797582993, "step/ist_goal_dist": 0.06650418043136597, "step/eef_cube_dist_min": 0.06081036850810051, "step/eef_cube_dist_mean": 0.06081036850810051, "step/eef_cube0_dist": 0.06081036850810051, "_wandb": {"runtime": 368}}