{"cem/plan_0/loss": 0.9448897838592529, "cem/step": 21, "global_step": 2021, "plan_count": 41, "_timestamp": 1771567144.7970228, "_runtime": 31028.15684580803, "_step": 2100, "plan/plan_time_s": 762.3731229305267, "plan/n_actions": 1, "plan/plan_count": 40, "plan/final_loss": 0.8907836675643921, "plan/initial_loss": 1.1571158170700073, "plan/loss_reduction_pct": 23.016896457262902, "step/step": 40, "step/episode": 0, "step/ist_soll_dist": 0.549935636689533, "step/ist_goal_dist": 0.745337724685669, "step/eef_cube_dist_min": 0.9492982625961304, "step/eef_cube_dist_mean": 0.9492982625961304, "step/eef_cube0_dist": 0.9492982625961304, "_wandb": {"runtime": 31035}}