{"cem/plan_0/loss": 0.14060309529304504, "cem/step": 8, "global_step": 158, "plan_count": 11, "_timestamp": 1771760941.707481, "_runtime": 2659.903666973114, "_step": 176, "plan/plan_time_s": 227.81106066703796, "plan/n_actions": 1, "plan/plan_count": 10, "plan/final_loss": 0.12622247636318207, "plan/initial_loss": 0.2015519142150879, "plan/loss_reduction_pct": 37.37470722878739, "step/step": 3, "step/episode": 0, "step/ist_soll_dist": 0.2597345047672601, "step/ist_goal_dist": 0.3645762801170349, "step/eef_cube_dist_min": 0.30378660559654236, "step/eef_cube_dist_mean": 0.30378660559654236, "step/eef_cube0_dist": 0.30378660559654236, "_wandb": {"runtime": 2669}}