{"cem/plan_0/loss": 0.5072923898696899, "cem/step": 25, "global_step": 25, "plan_count": 1, "_timestamp": 1772369991.7700167, "_runtime": 434.91994762420654, "_step": 24}