{"cem/plan_0/loss": 1.082377314567566, "cem/step": 8, "global_step": 8, "plan_count": 1, "_timestamp": 1771532908.6684868, "_runtime": 127.60566091537476, "_step": 7, "_wandb": {"runtime": 129}}