{"cem/plan_0/loss": 1.0332292318344116, "cem/step": 3, "global_step": 38, "plan_count": 8, "_timestamp": 1771748101.1863995, "_runtime": 502.1098804473877, "_step": 51, "plan/plan_time_s": 57.01562523841858, "plan/n_actions": 1, "plan/plan_count": 7, "plan/final_loss": 0.9473688006401062, "plan/initial_loss": 1.0486750602722168, "plan/loss_reduction_pct": 9.660405159803586, "step/step": 7, "step/episode": 0, "step/ist_soll_dist": 0.1065408296262362, "step/ist_goal_dist": 0.08656095713376999, "step/eef_cube_dist_min": 0.1349739283323288, "step/eef_cube_dist_mean": 0.1349739283323288, "step/eef_cube0_dist": 0.1349739283323288, "_wandb": {"runtime": 502}}