{"cem/plan_0/loss": 0.9554303884506226, "cem/step": 7, "global_step": 172, "plan_count": 12, "_timestamp": 1771750724.3262691, "_runtime": 2588.7973532676697, "_step": 193, "plan/plan_time_s": 222.25183820724487, "plan/n_actions": 1, "plan/plan_count": 11, "plan/final_loss": 0.9250118136405945, "plan/initial_loss": 1.0411220788955688, "plan/loss_reduction_pct": 11.152415995071884, "step/step": 11, "step/episode": 0, "step/ist_soll_dist": 0.11233687392018962, "step/ist_goal_dist": 0.14232756197452545, "step/eef_cube_dist_min": 0.16253045201301575, "step/eef_cube_dist_mean": 0.16253045201301575, "step/eef_cube0_dist": 0.16253045201301575, "_wandb": {"runtime": 2596}}