{"cem/plan_0/loss": 0.8853539228439331, "cem/step": 25, "global_step": 235, "plan_count": 8, "_timestamp": 1771754405.1152806, "_runtime": 3638.8462207317352, "_step": 248, "plan/plan_time_s": 449.006516456604, "plan/n_actions": 1, "plan/plan_count": 7, "plan/final_loss": 0.8908520936965942, "plan/initial_loss": 1.0522680282592773, "plan/loss_reduction_pct": 15.339811742613396, "step/step": 7, "step/episode": 0, "step/ist_soll_dist": 0.858437634601465, "step/ist_goal_dist": 0.5165202021598816, "step/eef_cube_dist_min": 0.5303406715393066, "step/eef_cube_dist_mean": 0.5303406715393066, "step/eef_cube0_dist": 0.5303406715393066}