{"cem/plan_0/loss": 0.922325611114502, "cem/step": 5, "global_step": 455, "plan_count": 16, "_timestamp": 1771757735.3323584, "_runtime": 6969.063298463821, "_step": 484, "plan/plan_time_s": 449.51674222946167, "plan/n_actions": 1, "plan/plan_count": 15, "plan/final_loss": 0.8633847236633301, "plan/initial_loss": 0.9448497295379639, "plan/loss_reduction_pct": 8.62200658240867, "step/step": 15, "step/episode": 0, "step/ist_soll_dist": 1.1936166107941355, "step/ist_goal_dist": 0.2927035689353943, "step/eef_cube_dist_min": 0.3313602805137634, "step/eef_cube_dist_mean": 0.3313602805137634, "step/eef_cube0_dist": 0.3313602805137634, "_wandb": {"runtime": 6978}}