{"cem/plan_0/loss": 1.0550423860549927, "cem/step": 3, "global_step": 45, "plan_count": 15, "_timestamp": 1771536083.026068, "_runtime": 675.3778688907623, "_step": 73, "plan/plan_time_s": 45.42640471458435, "plan/n_actions": 1, "plan/plan_count": 15, "plan/final_loss": 1.0550423860549927, "plan/initial_loss": 1.1529256105422974, "plan/loss_reduction_pct": 8.48998613546833, "step/step": 14, "step/episode": 0, "step/ist_soll_dist": 0.08416020296582073, "step/ist_goal_dist": 0.3694133162498474, "step/eef_cube_dist_min": 0.4219409227371216, "step/eef_cube_dist_mean": 0.4219409227371216, "step/eef_cube0_dist": 0.4219409227371216, "_wandb": {"runtime": 674}}