{"cem/plan_0/loss": 1.1164534091949463, "cem/step": 1, "global_step": 13, "plan_count": 5, "_timestamp": 1771535623.337684, "_runtime": 215.68948483467102, "_step": 20, "plan/plan_time_s": 34.93336629867554, "plan/n_actions": 1, "plan/plan_count": 4, "plan/final_loss": 1.0491760969161987, "plan/initial_loss": 1.0821539163589478, "plan/loss_reduction_pct": 3.047424118161246, "step/step": 4, "step/episode": 0, "step/ist_soll_dist": 0.040013646515414066, "step/ist_goal_dist": 0.17429731786251068, "step/eef_cube_dist_min": 0.23434069752693176, "step/eef_cube_dist_mean": 0.23434069752693176, "step/eef_cube0_dist": 0.23434069752693176}