{"cem/plan_0/loss": 0.6169324517250061, "cem/step": 6, "global_step": 56, "plan_count": 6, "_timestamp": 1772369518.33839, "_runtime": 945.4402232170105, "_step": 65, "plan/plan_time_s": 159.89947772026062, "plan/n_actions": 1, "plan/plan_count": 5, "plan/final_loss": 0.5780300498008728, "plan/initial_loss": 0.640187680721283, "plan/loss_reduction_pct": 9.709282573257072, "step/step": 5, "step/episode": 0, "step/ist_soll_dist": 0.11964789877364063, "step/ist_goal_dist": 0.228741854429245, "step/eef_cube_dist_min": 0.2419603168964386, "step/eef_cube_dist_mean": 0.2419603168964386, "step/eef_cube0_dist": 0.2419603168964386, "_wandb": {"runtime": 951}}