{"cem/plan_0/loss": 0.42468544840812683, "cem/step": 3, "global_step": 195, "plan_count": 65, "_timestamp": 1771324623.3440654, "_runtime": 2618.962003469467, "_step": 322, "plan/plan_time_s": 36.60240054130554, "plan/n_actions": 1, "plan/plan_count": 65, "plan/final_loss": 0.42468544840812683, "plan/initial_loss": 0.4118327498435974, "plan/loss_reduction_pct": -3.1208539314589556, "step/step": 33, "step/episode": 0, "step/ist_soll_dist": 0.226582685337173, "step/ist_goal_dist": 0.43946531414985657, "step/eef_cube_dist_min": 0.5689498782157898, "step/eef_cube_dist_mean": 0.5689498782157898, "step/eef_cube0_dist": 0.5689498782157898, "_wandb": {"runtime": 2619}}