{"cem/plan_0/loss": 0.5744287371635437, "cem/step": 4, "global_step": 84, "plan_count": 17, "_timestamp": 1771766523.6263835, "_runtime": 1401.4455785751343, "_step": 114, "plan/plan_time_s": 75.31897521018982, "plan/n_actions": 1, "plan/plan_count": 16, "plan/final_loss": 0.5783605575561523, "plan/initial_loss": 0.6596560478210449, "plan/loss_reduction_pct": 12.323921009050897, "step/step": 9, "step/episode": 0, "step/ist_soll_dist": 0.180541483840572, "step/ist_goal_dist": 0.37339073419570923, "step/eef_cube_dist_min": 0.1149667501449585, "step/eef_cube_dist_mean": 0.1149667501449585, "step/eef_cube0_dist": 0.1149667501449585, "_wandb": {"runtime": 1413}}