{"cem/plan_0/loss": 0.27056723833084106, "cem/step": 8, "global_step": 98, "plan_count": 4, "_timestamp": 1771319524.30037, "_runtime": 1454.5540299415588, "_step": 101, "plan/plan_time_s": 353.5497844219208, "plan/n_actions": 1, "plan/plan_count": 3, "plan/final_loss": 0.2526131272315979, "plan/initial_loss": 0.6947782635688782, "plan/loss_reduction_pct": 63.64118734313935, "step/step": 1, "step/episode": 0, "step/ist_soll_dist": 0.17474426787881098, "step/ist_goal_dist": 0.44375425577163696, "step/eef_cube_dist_min": 0.34281957149505615, "step/eef_cube_dist_mean": 0.34281957149505615, "step/eef_cube0_dist": 0.34281957149505615, "_wandb": {"runtime": 1460}}