{"cem/plan_0/loss": 0.48656657338142395, "cem/step": 2, "global_step": 72, "plan_count": 15, "_timestamp": 1771257711.0319633, "_runtime": 817.2443923950195, "_step": 99, "plan/plan_time_s": 53.207483768463135, "plan/n_actions": 1, "plan/plan_count": 14, "plan/final_loss": 0.4149431586265564, "plan/initial_loss": 0.5087103247642517, "plan/loss_reduction_pct": 18.432330065474734, "step/step": 14, "step/episode": 0, "step/ist_soll_dist": 0.1980204907785363, "step/ist_goal_dist": 0.3765593469142914, "step/eef_cube_dist_min": 0.1425056904554367, "step/eef_cube_dist_mean": 0.1425056904554367, "step/eef_cube0_dist": 0.1425056904554367, "_wandb": {"runtime": 821}}