{"cem/plan_0/loss": 0.26636970043182373, "cem/step": 26, "global_step": 26, "plan_count": 1, "_timestamp": 1771763417.2761173, "_runtime": 466.9464662075043, "_step": 25, "_wandb": {"runtime": 478}}