{"cem/plan_0/loss": 0.6526013612747192, "cem/step": 5, "global_step": 1345, "plan_count": 269, "_timestamp": 1772325710.2841444, "_runtime": 21562.838556289673, "_step": 1883, "plan/plan_time_s": 64.72752952575684, "plan/n_actions": 1, "plan/plan_count": 269, "plan/final_loss": 0.6526013612747192, "plan/initial_loss": 0.675184428691864, "plan/loss_reduction_pct": 3.344725745660093, "step/step": 50, "step/episode": 4, "step/ist_soll_dist": 0.11056866995808586, "step/ist_goal_dist": 0.3079105317592621, "step/eef_cube_dist_min": 0.28092026710510254, "step/eef_cube_dist_mean": 0.28092026710510254, "step/eef_cube0_dist": 0.28092026710510254, "episode/episode_id": 4, "episode/n_steps": 50, "episode/duration_s": 3302.36, "episode/mode": "online", "episode/final_cube_positions": [[0.526735782623291, 0.06224289909005165, 0.02499970979988575]], "episode/final_ee_pos": [0.3723427951335907, 0.25229087471961975, 0.16269782185554504], "episode": 5, "_wandb": {"runtime": 21562}}