{"cem/plan_0/loss": 0.1913004368543625, "cem/step": 2, "global_step": 27, "plan_count": 6, "_timestamp": 1771764136.518851, "_runtime": 483.296893119812, "_step": 36, "plan/plan_time_s": 75.22301840782166, "plan/n_actions": 1, "plan/plan_count": 5, "plan/final_loss": 0.1709134578704834, "plan/initial_loss": 0.21505767107009888, "plan/loss_reduction_pct": 20.52668615816383, "step/step": 5, "step/episode": 0, "step/ist_soll_dist": 0.17105115757567924, "step/ist_goal_dist": 0.4046315550804138, "step/eef_cube_dist_min": 0.0980173721909523, "step/eef_cube_dist_mean": 0.0980173721909523, "step/eef_cube0_dist": 0.0980173721909523, "_wandb": {"runtime": 494}}