{"cem/plan_0/loss": 0.2417650669813156, "cem/step": 3, "global_step": 113, "plan_count": 23, "_timestamp": 1771762905.0125418, "_runtime": 1916.8606507778168, "_step": 156, "plan/plan_time_s": 75.70141983032227, "plan/n_actions": 1, "plan/plan_count": 22, "plan/final_loss": 0.23339252173900604, "plan/initial_loss": 0.28895288705825806, "plan/loss_reduction_pct": 19.228174490622084, "step/step": 22, "step/episode": 0, "step/ist_soll_dist": 0.06630884519154552, "step/ist_goal_dist": 0.1232222393155098, "step/eef_cube_dist_min": 0.3683474659919739, "step/eef_cube_dist_mean": 0.3683474659919739, "step/eef_cube0_dist": 0.3683474659919739, "_wandb": {"runtime": 1925}}