{"cem/plan_0/loss": 0.3326086401939392, "cem/step": 27, "global_step": 57, "plan_count": 2, "_timestamp": 1771256762.176367, "_runtime": 619.6032409667969, "_step": 57, "plan/plan_time_s": 311.41719245910645, "plan/n_actions": 1, "plan/plan_count": 1, "plan/final_loss": 0.33526965975761414, "plan/initial_loss": 0.8954138159751892, "plan/loss_reduction_pct": 62.557015116806724, "_wandb": {"runtime": 621}}