{"cem/plan_0/loss": 0.6477134823799133, "cem/step": 1, "global_step": 16, "plan_count": 4, "_timestamp": 1771767090.1242344, "_runtime": 365.2362024784088, "_step": 21, "plan/plan_time_s": 76.37751007080078, "plan/n_actions": 1, "plan/plan_count": 3, "plan/final_loss": 0.5963196158409119, "plan/initial_loss": 0.6477078795433044, "plan/loss_reduction_pct": 7.933864219565489, "step/step": 3, "step/episode": 0, "step/ist_soll_dist": 0.21524251285839743, "step/ist_goal_dist": 0.45165690779685974, "step/eef_cube_dist_min": 0.2864639163017273, "step/eef_cube_dist_mean": 0.2864639163017273, "step/eef_cube0_dist": 0.2864639163017273, "_wandb": {"runtime": 368}}