{"cem/plan_0/loss": 1.0356311798095703, "cem/step": 5, "global_step": 25, "plan_count": 5, "_timestamp": 1771533609.5667908, "_runtime": 390.78723192214966, "_step": 32, "plan/plan_time_s": 53.502054929733276, "plan/n_actions": 1, "plan/plan_count": 5, "plan/final_loss": 1.0356311798095703, "plan/initial_loss": 1.1281733512878418, "plan/loss_reduction_pct": 8.202832603042076, "step/step": 3, "step/episode": 0, "step/ist_soll_dist": 0.6018109430898173, "step/ist_goal_dist": 0.38566887378692627, "step/eef_cube_dist_min": 0.38397669792175293, "step/eef_cube_dist_mean": 0.38397669792175293, "step/eef_cube0_dist": 0.38397669792175293, "_wandb": {"runtime": 543}}