{"cem/plan_0/loss": 0.5087119936943054, "cem/step": 4, "global_step": 4, "plan_count": 1, "_timestamp": 1771255723.8477087, "_runtime": 70.39392161369324, "_step": 3}