{"cem/plan_0/loss": 0.3416282832622528, "cem/step": 11, "global_step": 41, "plan_count": 2, "_timestamp": 1771256113.6523905, "_runtime": 460.19860339164734, "_step": 41, "plan/plan_time_s": 311.918607711792, "plan/n_actions": 2, "plan/plan_count": 1, "plan/final_loss": 0.33775898814201355, "plan/initial_loss": 0.9009872078895569, "plan/loss_reduction_pct": 62.512343662107114, "_wandb": {"runtime": 464}}