{"cem/plan_0/loss": 0.6134873628616333, "cem/step": 1, "global_step": 6, "plan_count": 2, "_timestamp": 1771767270.0025027, "_runtime": 147.62203073501587, "_step": 7, "plan/plan_time_s": 75.64493799209595, "plan/n_actions": 1, "plan/plan_count": 1, "plan/final_loss": 0.6752232909202576, "plan/initial_loss": 0.8468689918518066, "plan/loss_reduction_pct": 20.268270840359836, "step/step": 1, "step/episode": 0, "step/ist_soll_dist": 0.20774290655125868, "step/ist_goal_dist": 0.4203786551952362, "step/eef_cube_dist_min": 0.2504862844944, "step/eef_cube_dist_mean": 0.2504862844944, "step/eef_cube0_dist": 0.2504862844944}