{"cem/plan_0/loss": 2.48652720451355, "cem/step": 5, "global_step": 1325, "plan_count": 265, "_timestamp": 1771788752.3161128, "_runtime": 21629.93564081192, "_step": 1858, "plan/plan_time_s": 75.71122550964355, "plan/n_actions": 1, "plan/plan_count": 265, "plan/final_loss": 2.48652720451355, "plan/initial_loss": 2.5795066356658936, "plan/loss_reduction_pct": 3.6045432047644765, "step/step": 50, "step/episode": 4, "step/ist_soll_dist": 0.14375396311885855, "step/ist_goal_dist": 0.25904256105422974, "step/eef_cube_dist_min": 0.22473227977752686, "step/eef_cube_dist_mean": 0.22473227977752686, "step/eef_cube0_dist": 0.22473227977752686, "episode/episode_id": 4, "episode/n_steps": 50, "episode/duration_s": 4048.26, "episode/mode": "online", "episode/final_cube_positions": [[0.5267361998558044, 0.06224355474114418, 0.024999629706144333]], "episode/final_ee_pos": [0.44534462690353394, 0.16163718700408936, 0.2093929946422577], "episode": 5, "_wandb": {"runtime": 21629}}