{"cem/plan_0/loss": 0.12782534956932068, "cem/step": 15, "global_step": 55, "plan_count": 3, "_timestamp": 1771765062.8851376, "_runtime": 875.800856590271, "_step": 58, "plan/plan_time_s": 303.632116317749, "plan/n_actions": 1, "plan/plan_count": 2, "plan/final_loss": 0.11798398941755295, "plan/initial_loss": 0.19653862714767456, "plan/loss_reduction_pct": 39.96905792523802, "step/step": 2, "step/episode": 0, "step/ist_soll_dist": 0.24112238233922947, "step/ist_goal_dist": 0.37460172176361084, "step/eef_cube_dist_min": 0.2526840269565582, "step/eef_cube_dist_mean": 0.2526840269565582, "step/eef_cube0_dist": 0.2526840269565582, "_wandb": {"runtime": 883}}