{"cem/plan_0/loss": 0.7151764035224915, "cem/step": 1, "global_step": 61, "plan_count": 13, "_timestamp": 1772368525.966778, "_runtime": 2615.1946489810944, "_step": 83, "plan/plan_time_s": 80.47728419303894, "plan/n_actions": 1, "plan/plan_count": 12, "plan/final_loss": 0.6502662897109985, "plan/initial_loss": 0.7530679106712341, "plan/loss_reduction_pct": 13.651042555857295, "step/step": 11, "step/episode": 0, "step/ist_soll_dist": 0.11057763683062659, "step/ist_goal_dist": 0.16110052168369293, "step/eef_cube_dist_min": 0.2978450655937195, "step/eef_cube_dist_mean": 0.2978450655937195, "step/eef_cube0_dist": 0.2978450655937195, "_wandb": {"runtime": 2621}}