{"cem/plan_0/loss": 1.0445919036865234, "cem/step": 5, "global_step": 1250, "plan_count": 250, "_timestamp": 1771588515.171054, "_runtime": 20162.595277786255, "_step": 1754, "plan/plan_time_s": 76.46876430511475, "plan/n_actions": 1, "plan/plan_count": 250, "plan/final_loss": 1.0445919036865234, "plan/initial_loss": 1.0792748928070068, "plan/loss_reduction_pct": 3.2135454416324816, "step/step": 50, "step/episode": 4, "step/ist_soll_dist": 0.2823462161549622, "step/ist_goal_dist": 0.19448743760585785, "step/eef_cube_dist_min": 0.2862549126148224, "step/eef_cube_dist_mean": 0.2862549126148224, "step/eef_cube0_dist": 0.2862549126148224, "episode/episode_id": 4, "episode/n_steps": 50, "episode/duration_s": 4024.41, "episode/mode": "online", "episode/final_cube_positions": [[0.5267395377159119, 0.06222625821828842, 0.02499953843653202]], "episode/final_ee_pos": [0.3689708709716797, 0.06331036984920502, 0.26385045051574707], "episode": 5, "_wandb": {"runtime": 20161}}