{"cem/plan_0/loss": 1.60814368724823, "cem/step": 1, "global_step": 66, "plan_count": 14, "_timestamp": 1771326972.7012706, "_runtime": 919.5811705589294, "_step": 91, "plan/plan_time_s": 60.79335618019104, "plan/n_actions": 1, "plan/plan_count": 13, "plan/final_loss": 1.5685229301452637, "plan/initial_loss": 1.635286808013916, "plan/loss_reduction_pct": 4.082701428365231, "step/step": 13, "step/episode": 0, "step/ist_soll_dist": 0.1313684621179425, "step/ist_goal_dist": 0.2935194671154022, "step/eef_cube_dist_min": 0.3878411054611206, "step/eef_cube_dist_mean": 0.3878411054611206, "step/eef_cube0_dist": 0.3878411054611206, "_wandb": {"runtime": 928}}