{"cem/plan_0/loss": 1.0713143348693848, "cem/step": 4, "global_step": 19, "plan_count": 2, "_timestamp": 1771533189.467802, "_runtime": 252.86582899093628, "_step": 20, "plan/plan_time_s": 177.12825775146484, "plan/n_actions": 1, "plan/plan_count": 1, "plan/final_loss": 0.9026345014572144, "plan/initial_loss": 1.217347264289856, "plan/loss_reduction_pct": 25.852340746519065, "step/step": 1, "step/episode": 0, "step/ist_soll_dist": 1.8187601838335639, "step/ist_goal_dist": 0.3257709741592407, "step/eef_cube_dist_min": 0.36470359563827515, "step/eef_cube_dist_mean": 0.36470359563827515, "step/eef_cube0_dist": 0.36470359563827515, "_wandb": {"runtime": 252}}