{"cem/plan_0/loss": 0.18317842483520508, "cem/step": 3, "global_step": 8, "plan_count": 2, "_timestamp": 1771763614.9178882, "_runtime": 151.7338740825653, "_step": 9, "plan/plan_time_s": 75.88650822639465, "plan/n_actions": 1, "plan/plan_count": 1, "plan/final_loss": 0.3306424915790558, "plan/initial_loss": 0.44191643595695496, "plan/loss_reduction_pct": 25.179861015338624, "step/step": 1, "step/episode": 0, "step/ist_soll_dist": 0.25421068526949164, "step/ist_goal_dist": 0.40594759583473206, "step/eef_cube_dist_min": 0.33616599440574646, "step/eef_cube_dist_mean": 0.33616599440574646, "step/eef_cube0_dist": 0.33616599440574646, "_wandb": {"runtime": 155}}