{"cem/plan_0/loss": 0.49546071887016296, "cem/step": 6, "global_step": 216, "plan_count": 8, "_timestamp": 1771255529.8801026, "_runtime": 2348.795022726059, "_step": 222, "plan/plan_time_s": 317.4926655292511, "plan/n_actions": 2, "plan/plan_count": 7, "plan/final_loss": 0.3141941726207733, "plan/initial_loss": 0.5493718385696411, "plan/loss_reduction_pct": 42.80846767850033, "_wandb": {"runtime": 2350}}