{"cem/plan_0/loss": 0.3523687720298767, "cem/step": 22, "global_step": 172, "plan_count": 6, "_timestamp": 1771255057.0438068, "_runtime": 1875.9587268829346, "_step": 176, "plan/plan_time_s": 315.9593405723572, "plan/n_actions": 2, "plan/plan_count": 5, "plan/final_loss": 0.3146679997444153, "plan/initial_loss": 0.4311269521713257, "plan/loss_reduction_pct": 27.012681958383045}