{"cem/plan_0/loss": 0.4487762153148651, "cem/step": 3, "global_step": 153, "plan_count": 6, "_timestamp": 1771321946.3210654, "_runtime": 1741.1261944770813, "_step": 162, "plan/plan_time_s": 308.23587822914124, "plan/n_actions": 1, "plan/plan_count": 5, "plan/final_loss": 0.34749695658683777, "plan/initial_loss": 0.4252808392047882, "plan/loss_reduction_pct": 18.290004027313977, "step/step": 5, "step/episode": 0, "step/ist_soll_dist": 0.5859291806654987, "step/ist_goal_dist": 0.42547011375427246, "step/eef_cube_dist_min": 0.30116963386535645, "step/eef_cube_dist_mean": 0.30116963386535645, "step/eef_cube0_dist": 0.30116963386535645, "_wandb": {"runtime": 1745}}