{"cem/plan_0/loss": 1.1547971963882446, "cem/step": 5, "global_step": 45, "plan_count": 9, "_timestamp": 1771327939.1144626, "_runtime": 656.5901067256927, "_step": 61, "plan/plan_time_s": 60.551575660705566, "plan/n_actions": 1, "plan/plan_count": 9, "plan/final_loss": 1.1547971963882446, "plan/initial_loss": 1.2290171384811401, "plan/loss_reduction_pct": 6.038967217708535, "step/step": 7, "step/episode": 0, "step/ist_soll_dist": 0.21328794668297427, "step/ist_goal_dist": 0.19632022082805634, "step/eef_cube_dist_min": 0.21649058163166046, "step/eef_cube_dist_mean": 0.21649058163166046, "step/eef_cube0_dist": 0.21649058163166046, "_wandb": {"runtime": 662}}