{"cem/plan_0/loss": 1.0255801677703857, "cem/step": 3, "global_step": 18, "plan_count": 4, "_timestamp": 1771327240.300265, "_runtime": 234.1075201034546, "_step": 22, "plan/plan_time_s": 60.552128076553345, "plan/n_actions": 1, "plan/plan_count": 3, "plan/final_loss": 0.9591310024261475, "plan/initial_loss": 1.0047571659088135, "plan/loss_reduction_pct": 4.541013991315667, "step/step": 2, "step/episode": 0, "step/ist_soll_dist": 0.17550419936253234, "step/ist_goal_dist": 0.20774546265602112, "step/eef_cube_dist_min": 0.23899441957473755, "step/eef_cube_dist_mean": 0.23899441957473755, "step/eef_cube0_dist": 0.23899441957473755, "_wandb": {"runtime": 238}}