{"cem/plan_0/loss": 0.47251567244529724, "cem/step": 19, "global_step": 49, "plan_count": 2, "_timestamp": 1771320180.5424716, "_runtime": 624.0199127197266, "_step": 50, "plan/plan_time_s": 362.09911346435547, "plan/n_actions": 1, "plan/plan_count": 1, "plan/final_loss": 0.4842117726802826, "plan/initial_loss": 0.8626429438591003, "plan/loss_reduction_pct": 43.868807352190984, "step/step": 1, "step/episode": 0, "step/ist_soll_dist": 0.32370259068841706, "step/ist_goal_dist": 0.3914775252342224, "step/eef_cube_dist_min": 0.38225534558296204, "step/eef_cube_dist_mean": 0.38225534558296204, "step/eef_cube0_dist": 0.38225534558296204, "_wandb": {"runtime": 623}}