{"cem/plan_0/loss": 0.8339278697967529, "cem/step": 30, "global_step": 30, "plan_count": 1, "_timestamp": 1771535361.5038044, "_runtime": 658.9836874008179, "_step": 31, "plan/plan_time_s": 352.2495946884155, "plan/n_actions": 1, "plan/plan_count": 1, "plan/final_loss": 0.8339278697967529, "plan/initial_loss": 1.1953538656234741, "plan/loss_reduction_pct": 30.235899696380553, "step/step": 1, "step/episode": 0, "step/ist_soll_dist": 0.3206775954126213, "step/ist_goal_dist": 0.2822437882423401, "step/eef_cube_dist_min": 0.3309590816497803, "step/eef_cube_dist_mean": 0.3309590816497803, "step/eef_cube0_dist": 0.3309590816497803, "_wandb": {"runtime": 671}}